season,league_key,trade_id,timestamp,from_manager,to_manager,player_name,player_position,player_key,current_rank,preseason_rank,roster_pct
2005,113.l.232958,122,1115568399,Chris Gaul,Weazy,Odalis Perez,SP,113.p.6088,-,134,-
2005,113.l.232958,122,1115568399,Weazy,Chris Gaul,Jeromy Burnitz,OF,113.p.5061,-,242,-
2006,147.l.322066,204,1150970626,The Wizard,-- hidden --,Tom Glavine,SP,147.p.4122,-,65,-
2006,147.l.322066,204,1150970626,The Wizard,-- hidden --,Chris Ray,RP,147.p.7577,-,95,-
2006,147.l.322066,204,1150970626,-- hidden --,The Wizard,Rickie Weeks,2B,147.p.7213,-,92,-
2006,147.l.322066,144,1148809753,Dan,M Z,Roy Halladay,SP,147.p.6134,-,33,-
2006,147.l.322066,144,1148809753,M Z,Dan,Miguel Tejada,SS,147.p.5888,-,9,-
2006,147.l.322066,102,1147167916,-- hidden --,The Wizard,Matt Holliday,OF,147.p.7311,-,41,-
2006,147.l.322066,102,1147167916,The Wizard,-- hidden --,Mark Buehrle,SP,147.p.6525,-,89,-
2007,171.l.159408,270,1186513886,Dan,Kevo,José Reyes,SS,171.p.7066,-,2,99
2007,171.l.159408,270,1186513886,Kevo,Dan,Erik Bedard,SP,171.p.6910,-,136,65
2007,171.l.159408,140,1178589734,-- hidden --,The Wizard,Aramis Ramirez,3B,171.p.6014,-,30,96
2007,171.l.159408,140,1178589734,The Wizard,-- hidden --,Chris Young,SP,171.p.7412,-,118,89
2007,171.l.159408,140,1178589734,The Wizard,-- hidden --,Todd Jones,RP,171.p.5082,-,185,85
2007,171.l.159408,49,1175362453,The Wizard,DiZzY,Hideki Matsui,OF,171.p.7042,-,88,91
2007,171.l.159408,49,1175362453,The Wizard,DiZzY,Richie Sexson,1B,171.p.5931,-,106,47
2007,171.l.159408,49,1175362453,DiZzY,The Wizard,Johnny Damon,OF,171.p.5484,-,80,79
2007,171.l.159408,42,1174857024,The Wizard,Kevo,Bobby Abreu,OF,171.p.5698,-,50,94
2007,171.l.159408,42,1174857024,Kevo,The Wizard,Jimmy Rollins,SS,171.p.6419,-,12,98
2007,171.l.159408,40,1174846838,Weazy,The Wizard,Bobby Abreu,OF,171.p.5698,-,50,94
2007,171.l.159408,40,1174846838,Weazy,The Wizard,Bartolo Colón,SP,171.p.5763,-,157,38
2007,171.l.159408,40,1174846838,The Wizard,Weazy,Chone Figgins,"2B,3B,OF",171.p.6986,-,114,90
2007,171.l.159408,40,1174846838,The Wizard,Weazy,Brett Myers,"SP,RP",171.p.6864,-,150,79
2007,171.l.159408,36,1174666510,The Wizard,M Z,Jeremy Bonderman,SP,171.p.7106,-,108,70
2007,171.l.159408,36,1174666510,The Wizard,M Z,Aaron Harang,SP,171.p.6936,-,115,92
2007,171.l.159408,36,1174666510,M Z,The Wizard,Jason Bay,OF,171.p.7143,-,35,81
2007,171.l.159408,34,1174611291,The Wizard,M Z,Aaron Harang,SP,171.p.6936,-,115,92
2007,171.l.159408,34,1174611291,The Wizard,M Z,Dan Haren,SP,171.p.7172,-,75,92
2007,171.l.159408,34,1174611291,M Z,The Wizard,Jason Bay,OF,171.p.7143,-,35,81
2008,195.l.242126,316,1212730460,Kevo,-- hidden --,Justin Upton,OF,195.p.8080,-,187,35
2008,195.l.242126,316,1212730460,-- hidden --,Kevo,Brandon Lyon,RP,195.p.6775,-,158,57
2008,195.l.242126,301,1212187293,The Wizard,-- hidden --,Nick Markakis,OF,195.p.7707,-,47,92
2008,195.l.242126,301,1212187293,The Wizard,-- hidden --,Jair Jurrjens,SP,195.p.8091,-,188,62
2008,195.l.242126,301,1212187293,-- hidden --,The Wizard,Manny Ramirez,OF,195.p.5132,-,29,98
2008,195.l.242126,201,1209917174,The Wizard,Dan,Brad Lidge,RP,195.p.6913,-,125,93
2008,195.l.242126,201,1209917174,The Wizard,Dan,Chris Young,SP,195.p.7412,-,110,70
2008,195.l.242126,201,1209917174,Dan,The Wizard,Nick Markakis,OF,195.p.7707,-,47,92
2008,195.l.242126,68,1206654617,The Wizard,M Z,Carlos Beltrán,OF,195.p.6132,-,18,98
2008,195.l.242126,68,1206654617,M Z,The Wizard,B.J. Upton,"2B,OF",195.p.7333,-,22,94
2009,215.l.96581,307,1244171778,The Wizard,Dan,Carlos Pena,1B,215.p.6621,-,101,62
2009,215.l.96581,307,1244171778,The Wizard,Dan,Yovani Gallardo,SP,215.p.7926,-,112,82
2009,215.l.96581,307,1244171778,The Wizard,Dan,Joe Nathan,RP,215.p.6205,-,72,97
2009,215.l.96581,307,1244171778,Dan,The Wizard,Albert Pujols,1B,215.p.6619,-,2,99
2009,215.l.96581,159,1240081773,The Wizard,Paulie,Joey Votto,1B,215.p.7946,-,103,87
2009,215.l.96581,159,1240081773,The Wizard,Paulie,Curtis Granderson,OF,215.p.7455,-,37,93
2009,215.l.96581,159,1240081773,The Wizard,Paulie,Zack Greinke,SP,215.p.7257,-,147,96
2009,215.l.96581,159,1240081773,The Wizard,Paulie,Kevin Millwood,SP,215.p.5848,-,379,55
2009,215.l.96581,159,1240081773,Paulie,The Wizard,Carlos Beltrán,OF,215.p.6132,-,13,90
2009,215.l.96581,159,1240081773,Paulie,The Wizard,Nate McLouth,OF,215.p.7513,-,56,83
2009,215.l.96581,103,1238817115,Paulie,Weazy,Orlando Hudson,2B,215.p.6875,-,212,64
2009,215.l.96581,103,1238817115,Paulie,Weazy,Brad Lidge,RP,215.p.6913,-,81,79
2009,215.l.96581,103,1238817115,Weazy,Paulie,Dustin Pedroia,2B,215.p.7631,-,23,97
2009,215.l.96581,103,1238817115,Weazy,Paulie,Mark Buehrle,SP,215.p.6525,-,298,72
2009,215.l.96581,77,1237412151,The Wizard,Baby..I&#39;m gonna butter your bread,Adam Dunn,"1B,OF",215.p.6763,-,66,95
2009,215.l.96581,77,1237412151,The Wizard,Baby..I&#39;m gonna butter your bread,Jon Lester,SP,215.p.7790,-,106,91
2009,215.l.96581,77,1237412151,The Wizard,Baby..I&#39;m gonna butter your bread,Brian Fuentes,RP,215.p.6735,-,152,91
2009,215.l.96581,77,1237412151,Baby..I&#39;m gonna butter your bread,The Wizard,Miguel Cabrera,"1B,3B",215.p.7163,-,5,98
2009,215.l.96581,71,1237323936,Paulie,The Wizard,Chad Billingsley,SP,215.p.7705,-,73,93
2009,215.l.96581,71,1237323936,The Wizard,Paulie,Joakim Soria,RP,215.p.7964,-,99,93
2010,238.l.196954,360,1276046815,Weazy,Paulie,Bobby Abreu,OF,238.p.5698,-,59,89
2010,238.l.196954,360,1276046815,Weazy,Paulie,Stephen Strasburg,SP,238.p.8562,-,195,47
2010,238.l.196954,360,1276046815,Weazy,Paulie,Roy Oswalt,SP,238.p.6646,-,168,88
2010,238.l.196954,360,1276046815,Paulie,Weazy,Casey McGehee,"2B,3B",238.p.8359,-,322,86
2010,238.l.196954,360,1276046815,Paulie,Weazy,Prince Fielder,1B,238.p.7290,-,10,98
2010,238.l.196954,58,1269313142,The Wizard,Weazy,Kevin Youkilis,"1B,3B",238.p.7049,-,1003,49
2010,238.l.196954,58,1269313142,Weazy,The Wizard,David Wright,3B,238.p.7382,-,16,98
2010,238.l.196954,53,1269273311,Weazy,Baby..I&#39;m gonna butter your bread,Elvis Andrus,SS,238.p.8401,-,106,82
2010,238.l.196954,53,1269273311,Weazy,Baby..I&#39;m gonna butter your bread,Jair Jurrjens,SP,238.p.8091,-,118,57
2010,238.l.196954,53,1269273311,Weazy,Baby..I&#39;m gonna butter your bread,Juan Carlos Oviedo,RP,238.p.7541,-,192,75
2010,238.l.196954,53,1269273311,Baby..I&#39;m gonna butter your bread,Weazy,Pablo Sandoval,"1B,3B",238.p.8326,-,28,84
2010,238.l.196954,53,1269273311,Baby..I&#39;m gonna butter your bread,Weazy,Trevor Hoffman,RP,238.p.4975,-,244,28
2010,238.l.196954,47,1268885509,The Wizard,Paulie,Lance Berkman,1B,238.p.6279,-,83,53
2010,238.l.196954,47,1268885509,The Wizard,Paulie,Scott Kazmir,SP,238.p.7292,-,216,27
2010,238.l.196954,47,1268885509,Paulie,The Wizard,Josh Hamilton,OF,238.p.6679,-,72,91
2012,268.l.108096,277,1341906596,Baby..I&#39;m gonna butter your bread,Paulie,Adam Dunn,"1B,OF",268.p.6763,-,174,83
2012,268.l.108096,277,1341906596,Baby..I&#39;m gonna butter your bread,Paulie,Matt Kemp,OF,268.p.7780,-,2,98
2012,268.l.108096,277,1341906596,Baby..I&#39;m gonna butter your bread,Paulie,Stephen Strasburg,SP,268.p.8562,-,54,64
2012,268.l.108096,277,1341906596,Baby..I&#39;m gonna butter your bread,Paulie,Johan Santana,SP,268.p.6441,-,230,31
2012,268.l.108096,277,1341906596,Paulie,Baby..I&#39;m gonna butter your bread,Alfonso Soriano,OF,268.p.6154,-,234,72
2012,268.l.108096,271,1341736163,Paulie,Baby..I&#39;m gonna butter your bread,Adam Dunn,"1B,OF",268.p.6763,-,174,83
2012,268.l.108096,271,1341736163,Paulie,Baby..I&#39;m gonna butter your bread,Matt Kemp,OF,268.p.7780,-,2,98
2012,268.l.108096,271,1341736163,Paulie,Baby..I&#39;m gonna butter your bread,Stephen Strasburg,SP,268.p.8562,-,54,64
2012,268.l.108096,271,1341736163,Paulie,Baby..I&#39;m gonna butter your bread,Johan Santana,SP,268.p.6441,-,230,31
2012,268.l.108096,271,1341736163,Baby..I&#39;m gonna butter your bread,Paulie,Alfonso Soriano,OF,268.p.6154,-,234,72
2012,268.l.108096,173,1337679071,Jambalaya,MojoHusker,Troy Tulowitzki,SS,268.p.7850,-,5,91
2012,268.l.108096,173,1337679071,MojoHusker,Jambalaya,Dustin Pedroia,2B,268.p.7631,-,17,96
2012,268.l.108096,155,1337248146,Jambalaya,Dan,Wandy Rodriguez,SP,268.p.7552,-,194,62
2012,268.l.108096,155,1337248146,Dan,Jambalaya,Kyle Seager,"2B,3B,SS",268.p.8984,-,328,61
2012,268.l.27921,372,1341883218,The Wizard,Paulie,Matt Holliday,OF,268.p.7311,-,37,98
2012,268.l.27921,372,1341883218,The Wizard,Paulie,Ryan Howard,1B,268.p.7437,-,119,77
2012,268.l.27921,372,1341883218,The Wizard,Paulie,Sergio Romo,RP,268.p.8282,-,283,52
2012,268.l.27921,372,1341883218,Paulie,The Wizard,Bryce Harper,OF,268.p.8875,-,322,85
2012,268.l.27921,372,1341883218,Paulie,The Wizard,Ryan Cook,RP,268.p.8997,-,342,36
2012,268.l.27921,354,1341346076,The Wizard,--hidden--,Pablo Sandoval,"1B,3B",268.p.8326,-,38,93
2012,268.l.27921,354,1341346076,The Wizard,--hidden--,Michael Cuddyer,"1B,2B,OF",268.p.6637,-,65,60
2012,268.l.27921,354,1341346076,--hidden--,The Wizard,Adrián Béltre,3B,268.p.6039,-,27,98
2012,268.l.27921,351,1341178628,NOBS,Dan,Colby Rasmus,OF,268.p.8190,-,166,43
2012,268.l.27921,351,1341178628,Dan,NOBS,Tim Lincecum,SP,268.p.7981,-,28,91
2012,268.l.27921,4,1332213881,--hidden--,The Wizard,Matt Kemp,OF,268.p.7780,-,2,98
2012,268.l.27921,4,1332213881,--hidden--,The Wizard,Pablo Sandoval,"1B,3B",268.p.8326,-,38,93
2012,268.l.27921,4,1332213881,--hidden--,The Wizard,Michael Morse,"1B,OF",268.p.7562,-,67,82
2012,268.l.27921,4,1332213881,The Wizard,--hidden--,Mark Teixeira,1B,268.p.6788,-,23,83
2012,268.l.27921,4,1332213881,The Wizard,--hidden--,Alex Rodriguez,3B,268.p.5275,-,42,93
2012,268.l.27921,4,1332213881,The Wizard,--hidden--,CC Sabathia,SP,268.p.6603,-,32,96
2012,268.l.27921,4,1332213881,The Wizard,--hidden--,Josh Beckett,SP,268.p.6403,-,130,66
2012,268.l.27921,2,1332164179,The Wizard,--hidden--,Michael Morse,"1B,OF",268.p.7562,-,67,82
2012,268.l.27921,2,1332164179,The Wizard,--hidden--,Carlos Marmol,RP,268.p.7789,-,155,65
2012,268.l.27921,2,1332164179,--hidden--,The Wizard,Jimmy Rollins,SS,268.p.6419,-,69,93
2013,308.l.8419,418,1372982842,The Wizard,Paulie,Manny Machado,3B,308.p.9111,-,211,75
2013,308.l.8419,418,1372982842,Paulie,The Wizard,Dexter Fowler,OF,308.p.8370,-,174,58
2013,308.l.8419,387,1372222951,The Wizard,NOBS,Matt Kemp,OF,308.p.7780,-,5,93
2013,308.l.8419,387,1372222951,NOBS,The Wizard,Bobby Parnell,RP,308.p.8338,-,215,41
2013,308.l.8419,368,1371614338,Dan,DiZzY,Madison Bumgarner,SP,308.p.8590,-,48,91
2013,308.l.8419,368,1371614338,DiZzY,Dan,Joey Votto,1B,308.p.7946,-,7,99
2013,308.l.8419,350,1371253412,The Wizard,Nikolai Khabibulin,Everth Cabrera,"2B,SS",308.p.8430,-,195,26
2013,308.l.8419,350,1371253412,Nikolai Khabibulin,The Wizard,Yasiel Puig,OF,308.p.9341,-,390,92
2013,308.l.8419,208,1367379347,The Wizard,Paulie,Ian Desmond,SS,308.p.8589,-,56,97
2013,308.l.8419,208,1367379347,The Wizard,Paulie,Adrián González,"1B,OF",308.p.7054,-,47,97
2013,308.l.8419,208,1367379347,The Wizard,Paulie,Michael Bourn,OF,308.p.7828,-,80,79
2013,308.l.8419,208,1367379347,Paulie,The Wizard,Josh Hamilton,OF,308.p.6679,-,24,96
2013,308.l.8419,208,1367379347,Paulie,The Wizard,Paul Konerko,1B,308.p.5908,-,91,41
2013,308.l.8419,208,1367379347,Paulie,The Wizard,Jake Peavy,SP,308.p.6872,-,115,78
2013,308.l.8419,108,1364753299,The Wizard,Paulie,Ross Detwiler,"SP,RP",308.p.8123,-,769,7
2013,308.l.8419,108,1364753299,Paulie,The Wizard,Hyun Jin Ryu,SP,308.p.9317,-,309,84
2013,308.l.8419,105,1364748716,The Wizard,Paulie,Jordan Zimmermann,SP,308.p.8400,-,78,92
2013,308.l.8419,105,1364748716,The Wizard,Paulie,Matt Moore,SP,308.p.8873,-,74,95
2013,308.l.8419,105,1364748716,Paulie,The Wizard,Adrián González,"1B,OF",308.p.7054,-,47,97
2013,308.l.8419,105,1364748716,Paulie,The Wizard,Mariano Rivera,RP,308.p.5400,-,124,96
2013,308.l.47812,78,1366531032,MojoHusker,Jambalaya,Matt Carpenter,"1B,2B,3B,OF",308.p.8953,-,311,93
2013,308.l.47812,78,1366531032,Jambalaya,MojoHusker,Brandon Moss,"1B,OF",308.p.8082,-,347,66
2014,328.l.34893,420,1404678019,NOBS,Dan,John Lackey,SP,328.p.6953,-,269,65
2014,328.l.34893,420,1404678019,Dan,NOBS,Brian Dozier,2B,328.p.9174,-,218,84
2014,328.l.34893,313,1401111148,The Wizard,Paulie,Howie Kendrick,2B,328.p.7746,-,174,83
2014,328.l.34893,313,1401111148,The Wizard,Paulie,Jay Bruce,OF,328.p.8171,-,41,81
2014,328.l.34893,313,1401111148,The Wizard,Paulie,Tom Koehler,"SP,RP",328.p.9294,-,485,18
2014,328.l.34893,313,1401111148,The Wizard,Paulie,Tony Cingrani,"SP,RP",328.p.9296,-,133,29
2014,328.l.34893,313,1401111148,Paulie,The Wizard,Justin Upton,OF,328.p.8080,-,36,98
2014,328.l.34893,292,1400601571,The Wizard,Jeff,Hunter Pence,OF,328.p.7963,-,56,96
2014,328.l.34893,292,1400601571,Jeff,The Wizard,David Price,SP,328.p.8175,-,47,98
2014,328.l.34893,177,1397592635,Dan,Joshua,Jimmy Rollins,SS,328.p.6419,-,201,65
2014,328.l.34893,177,1397592635,Joshua,Dan,Tim Hudson,SP,328.p.6245,-,300,59
2014,328.l.34893,135,1396836288,The Wizard,Paulie,Justin Upton,OF,328.p.8080,-,36,98
2014,328.l.34893,135,1396836288,The Wizard,Paulie,Ryan Braun,OF,328.p.8034,-,7,97
2014,328.l.34893,135,1396836288,Paulie,The Wizard,Jay Bruce,OF,328.p.8171,-,41,81
2014,328.l.34893,135,1396836288,Paulie,The Wizard,Michael Wacha,"SP,RP",328.p.9329,-,92,76
2014,328.l.34893,113,1396014225,Paulie,The Wizard,Ryan Braun,OF,328.p.8034,-,7,97
2014,328.l.34893,113,1396014225,The Wizard,Paulie,Adam Jones,OF,328.p.7812,-,13,99
2014,328.l.34893,112,1396011821,The Wizard,Weazy,Max Scherzer,SP,328.p.8193,-,32,96
2014,328.l.34893,112,1396011821,The Wizard,Weazy,Matt Moore,SP,328.p.8873,-,119,23
2014,328.l.34893,112,1396011821,Weazy,The Wizard,Adam Jones,OF,328.p.7812,-,13,99
2014,328.l.34893,112,1396011821,Weazy,The Wizard,Jose Quintana,SP,328.p.9176,-,265,47
2014,328.l.112970,335,1408354188,MojoHusker,Jambalaya,Josh Harrison,"2B,3B,OF",328.p.8950,-,318,86
2014,328.l.112970,335,1408354188,Jambalaya,MojoHusker,Chris Carter,"1B,OF",328.p.8640,-,238,80
2015,346.l.18224,866,1439588239,NOBS,Dan,Carson Smith,RP,346.p.9810,-,320,29
2015,346.l.18224,866,1439588239,Dan,NOBS,John Axford,RP,346.p.8583,-,410,43
2015,346.l.18224,854,1439513069,NOBS,Dan,Chris Sale,SP,346.p.8780,-,30,96
2015,346.l.18224,854,1439513069,NOBS,Dan,Mark Teixeira,1B,346.p.6788,-,259,55
2015,346.l.18224,854,1439513069,NOBS,Dan,John Axford,RP,346.p.8583,-,410,43
2015,346.l.18224,854,1439513069,Dan,NOBS,Mike Trout,OF,346.p.8861,-,1,99
2015,346.l.18224,675,1436649994,The Wizard,Jeff,Luis Valbuena,"1B,2B,3B",346.p.8361,-,411,19
2015,346.l.18224,675,1436649994,The Wizard,Jeff,Zack Greinke,SP,346.p.7257,-,34,98
2015,346.l.18224,675,1436649994,Jeff,The Wizard,Nolan Arenado,3B,346.p.9105,-,37,99
2015,346.l.18224,660,1436460219,Joshua,NOBS,Stephen Vogt,"C,1B,OF",346.p.9147,-,387,65
2015,346.l.18224,660,1436460219,NOBS,Joshua,Dellin Betances,RP,346.p.9063,-,109,87
2015,346.l.18224,660,1436460219,NOBS,Joshua,Ervin Santana,SP,346.p.7547,-,216,57
2015,346.l.18224,613,1435636561,The Wizard,NOBS,Maikel Franco,3B,346.p.9609,-,954,20
2015,346.l.18224,613,1435636561,NOBS,The Wizard,Brandon Crawford,SS,346.p.8945,-,319,61
2015,346.l.18224,527,1434213466,Kevo,The Wizard,Yasiel Puig,OF,346.p.9341,-,17,86
2015,346.l.18224,527,1434213466,Kevo,The Wizard,Joc Pederson,OF,346.p.9414,-,155,61
2015,346.l.18224,527,1434213466,The Wizard,Kevo,Bryce Harper,OF,346.p.8875,-,31,99
2015,346.l.18224,527,1434213466,The Wizard,Kevo,Francisco Rodríguez,RP,346.p.7029,-,188,85
2015,346.l.18224,300,1430844991,The Wizard,Jeff,Brandon Moss,"1B,OF",346.p.8082,-,140,48
2015,346.l.18224,300,1430844991,The Wizard,Jeff,Aníbal Sánchez,SP,346.p.7701,-,132,56
2015,346.l.18224,300,1430844991,The Wizard,Jeff,Gerrit Cole,SP,346.p.9121,-,63,96
2015,346.l.18224,300,1430844991,Jeff,The Wizard,Corey Dickerson,OF,346.p.9438,-,40,81
2015,346.l.18224,300,1430844991,Jeff,The Wizard,Julio Teheran,SP,346.p.8846,-,70,85
2015,346.l.18224,273,1430437837,NOBS,M Z,Mookie Betts,"2B,OF",346.p.9552,-,58,97
2015,346.l.18224,273,1430437837,NOBS,M Z,David Price,SP,346.p.8175,-,29,95
2015,346.l.18224,273,1430437837,M Z,NOBS,José Bautista,"1B,OF",346.p.7264,-,9,99
2015,346.l.18224,273,1430437837,M Z,NOBS,Neftali Feliz,RP,346.p.8405,-,196,32
2015,346.l.18224,235,1429988907,Paulie,The Wizard,Bryce Harper,OF,346.p.8875,-,31,99
2015,346.l.18224,235,1429988907,Paulie,The Wizard,Gerrit Cole,SP,346.p.9121,-,63,96
2015,346.l.18224,235,1429988907,The Wizard,Paulie,Joey Votto,1B,346.p.7946,-,53,98
2015,346.l.18224,170,1429065284,The Wizard,Joshua,Héctor Rondón,RP,346.p.8631,-,184,84
2015,346.l.18224,170,1429065284,The Wizard,Joshua,Alex Wood,"SP,RP",346.p.9415,-,89,86
2015,346.l.18224,170,1429065284,Joshua,The Wizard,Stephen Strasburg,SP,346.p.8562,-,22,95
2015,346.l.18224,137,1428535678,Weazy,The Wizard,Kyle Seager,3B,346.p.8984,-,71,93
2015,346.l.18224,137,1428535678,Weazy,The Wizard,Clayton Kershaw,SP,346.p.8180,-,5,99
2015,346.l.18224,137,1428535678,The Wizard,Weazy,Miguel Cabrera,"1B,3B",346.p.7163,-,4,98
2015,346.l.18224,137,1428535678,The Wizard,Weazy,James Shields,SP,346.p.7779,-,88,93
2016,357.l.3402,788,1469232214,Kevo,Dan,Travis Shaw,"1B,3B",357.p.9961,-,460,29
2016,357.l.3402,788,1469232214,Dan,Kevo,Adrián González,1B,357.p.7054,-,47,91
2016,357.l.3402,786,1469231884,Kevo,Dan,Anthony Rizzo,1B,357.p.8868,-,13,99
2016,357.l.3402,786,1469231884,Dan,Kevo,Travis Shaw,"1B,3B",357.p.9961,-,460,29
2016,357.l.3402,786,1469231884,Dan,Kevo,Aroldis Chapman,RP,357.p.8616,-,105,97
2016,357.l.3402,749,1468633240,NOBS,M Z,Ryan Madson,RP,357.p.7071,-,332,66
2016,357.l.3402,749,1468633240,M Z,NOBS,Jason Heyward,OF,357.p.8621,-,70,57
2016,357.l.3402,544,1465952731,The Wizard,Paulie,Carlos Estévez,RP,357.p.10274,-,549,6
2016,357.l.3402,544,1465952731,The Wizard,Paulie,Chris Tillman,SP,357.p.8411,-,355,68
2016,357.l.3402,544,1465952731,Paulie,The Wizard,Lance McCullers Jr.,SP,357.p.9575,-,163,60
2016,357.l.3402,468,1465069344,NOBS,The Wizard,José Abreu,1B,357.p.9540,-,18,97
2016,357.l.3402,468,1465069344,The Wizard,NOBS,Dallas Keuchel,SP,357.p.9217,-,48,66
2016,357.l.3402,360,1463865027,The Wizard,Weazy,Mark Melancon,RP,357.p.8458,-,94,97
2016,357.l.3402,360,1463865027,Weazy,The Wizard,David Price,SP,357.p.8175,-,40,98
2016,357.l.3402,336,1463632058,NOBS,Paulie,Ryan Braun,OF,357.p.8034,-,45,97
2016,357.l.3402,336,1463632058,NOBS,Paulie,Félix Hernández,SP,357.p.7487,-,61,96
2016,357.l.3402,336,1463632058,Paulie,NOBS,Paul Goldschmidt,1B,357.p.8967,-,2,99
2016,357.l.3402,327,1463526194,The Wizard,M Z,Masahiro Tanaka,SP,357.p.9642,-,111,85
2016,357.l.3402,327,1463526194,M Z,The Wizard,Brett Gardner,OF,357.p.8289,-,99,53
2016,357.l.3402,265,1462367720,NOBS,Paulie,Brandon Crawford,SS,357.p.8945,-,170,72
2016,357.l.3402,265,1462367720,Paulie,NOBS,Jake Lamb,3B,357.p.9781,-,326,68
2016,357.l.3402,235,1461852748,Weazy,The Wizard,Brian Dozier,2B,357.p.9174,-,76,96
2016,357.l.3402,235,1461852748,The Wizard,Weazy,Roberto Osuna,RP,357.p.9907,-,256,89
2016,357.l.3402,178,1460900877,Paulie,The Wizard,Kenta Maeda,SP,357.p.10105,-,207,89
2016,357.l.3402,178,1460900877,The Wizard,Paulie,Marcus Stroman,SP,357.p.9637,-,114,81
2016,357.l.3402,71,1459792505,The Wizard,Paulie,Adam Eaton,OF,357.p.9302,-,87,76
2016,357.l.3402,71,1459792505,The Wizard,Paulie,Francisco Rodríguez,RP,357.p.7029,-,155,90
2016,357.l.3402,71,1459792505,Paulie,The Wizard,Yasiel Puig,OF,357.p.9341,-,59,54
2017,370.l.35688,526,1501092954,The Wizard,Dan,Ryan Braun,OF,370.p.8034,-,24,92
2017,370.l.35688,526,1501092954,Dan,The Wizard,Clayton Kershaw,SP,370.p.8180,-,3,98
2017,370.l.35688,515,1500914199,Nikolai Khabibulin,Paulie,Rougned Odor,2B,370.p.9634,-,42,77
2017,370.l.35688,515,1500914199,Paulie,Nikolai Khabibulin,Sean Doolittle,RP,370.p.8641,-,355,81
2017,370.l.35688,484,1499874291,NOBS,The Wizard,Yu Darvish,SP,370.p.9095,-,34,94
2017,370.l.35688,484,1499874291,The Wizard,NOBS,Eric Thames,"1B,OF",370.p.8930,-,188,66
2017,370.l.35688,472,1499478364,Dan,Weazy,Yasiel Puig,OF,370.p.9341,-,192,71
2017,370.l.35688,472,1499478364,Weazy,Dan,Elvis Andrus,SS,370.p.8401,-,164,94
2017,370.l.35688,413,1498287643,Dan,Paulie,Cameron Maybin,OF,370.p.7684,-,281,14
2017,370.l.35688,413,1498287643,Dan,Paulie,Nolan Arenado,3B,370.p.9105,-,6,99
2017,370.l.35688,413,1498287643,Paulie,Dan,Mike Trout,OF,370.p.8861,-,1,99
2017,370.l.35688,413,1498287643,Paulie,Dan,Clayton Kershaw,SP,370.p.8180,-,3,98
2017,370.l.35688,316,1496503852,NOBS,Paulie,Mike Trout,OF,370.p.8861,-,1,99
2017,370.l.35688,316,1496503852,Paulie,NOBS,Jake Arrieta,SP,370.p.8623,-,37,92
2017,370.l.35688,316,1496503852,Paulie,NOBS,Starling Marte,OF,370.p.9118,-,23,79
2017,370.l.35688,259,1495491733,Paulie,NOBS,Ian Happ,"2B,OF",370.p.10440,-,479,30
2017,370.l.35688,259,1495491733,NOBS,Paulie,Andrew Benintendi,OF,370.p.10159,-,117,92
2017,370.l.35688,128,1493141602,NOBS,Paulie,Stephen Piscotty,OF,370.p.9628,-,126,24
2017,370.l.35688,128,1493141602,Paulie,NOBS,Amir Garrett,SP,370.p.10171,-,1260,3
2017,370.l.35688,47,1491582373,The Wizard,Dan,Nolan Arenado,3B,370.p.9105,-,6,99
2017,370.l.35688,47,1491582373,The Wizard,Dan,Travis Jankowski,OF,370.p.10050,-,331,1
2017,370.l.35688,47,1491582373,Dan,The Wizard,Paul Goldschmidt,1B,370.p.8967,-,7,99
2017,370.l.35688,44,1491561032,Paulie,The Wizard,Nolan Arenado,3B,370.p.9105,-,6,99
2017,370.l.35688,44,1491561032,Paulie,The Wizard,Steven Wright,SP,370.p.9370,-,1079,2
2017,370.l.35688,44,1491561032,The Wizard,Paulie,Miguel Cabrera,1B,370.p.7163,-,13,75
2017,370.l.35688,44,1491561032,The Wizard,Paulie,Jose Quintana,SP,370.p.9176,-,93,91
2017,370.l.35688,44,1491561032,The Wizard,Paulie,Albert Pujols,1B,370.p.6619,-,98,61
2017,370.l.35688,18,1491242272,The Wizard,Weazy,Brandon Maurer,RP,370.p.9347,-,265,41
2017,370.l.35688,18,1491242272,The Wizard,Weazy,Matt Harvey,SP,370.p.9245,-,125,41
2017,370.l.35688,18,1491242272,Weazy,The Wizard,Justin Turner,3B,370.p.8588,-,88,92
2018,378.l.31584,576,1531262978,NOBS,Paulie,Kyle Tucker,OF,378.p.10480,-,1749,7
2018,378.l.31584,576,1531262978,NOBS,Paulie,Joc Pederson,OF,378.p.9414,-,309,19
2018,378.l.31584,576,1531262978,Paulie,NOBS,Jake Arrieta,SP,378.p.8623,-,86,85
2018,378.l.31584,390,1528011753,NOBS,Joshua,Michael Brantley,OF,378.p.8575,-,230,87
2018,378.l.31584,390,1528011753,Joshua,NOBS,Clayton Kershaw,SP,378.p.8180,-,5,97
2018,378.l.31584,363,1527540617,The Wizard,NOBS,Dallas Keuchel,SP,378.p.9217,-,66,92
2018,378.l.31584,363,1527540617,NOBS,The Wizard,Cody Bellinger,"1B,OF",378.p.10504,-,28,97
2018,378.l.31584,337,1527000292,The Wizard,Paulie,Anthony Rizzo,"1B,2B",378.p.8868,-,19,99
2018,378.l.31584,337,1527000292,The Wizard,Paulie,Hanley Ramírez,1B,378.p.7488,-,201,17
2018,378.l.31584,337,1527000292,The Wizard,Paulie,Brad Brach,RP,378.p.9040,-,192,36
2018,378.l.31584,337,1527000292,Paulie,The Wizard,Joey Votto,1B,378.p.7946,-,16,96
2018,378.l.31584,308,1526683446,Joshua,The Wizard,Christian Yelich,OF,378.p.9320,-,38,99
2018,378.l.31584,308,1526683446,The Wizard,Joshua,Chris Taylor,"2B,SS,OF",378.p.9771,-,141,66
2018,378.l.31584,308,1526683446,The Wizard,Joshua,Kyle Hendricks,SP,378.p.9758,-,95,88
2018,378.l.31584,307,1526665225,Joshua,Dan,Bryce Harper,OF,378.p.8875,-,10,99
2018,378.l.31584,307,1526665225,Dan,Joshua,Jorge Soler,OF,378.p.9228,-,1455,6
2018,378.l.31584,307,1526665225,Dan,Joshua,Gerrit Cole,SP,378.p.9121,-,79,96
2018,378.l.31584,266,1525965748,NOBS,Kevo,Corey Kluber,SP,378.p.9048,-,14,98
2018,378.l.31584,266,1525965748,NOBS,Kevo,Charlie Blackmon,OF,378.p.8957,-,6,99
2018,378.l.31584,266,1525965748,Kevo,NOBS,Mike Trout,OF,378.p.8861,-,1,99
2018,378.l.31584,152,1524157627,The Wizard,Paulie,Robinson Canó,"1B,2B",378.p.7497,-,54,87
2018,378.l.31584,152,1524157627,The Wizard,Paulie,Jameson Taillon,SP,378.p.9123,-,144,84
2018,378.l.31584,152,1524157627,Paulie,The Wizard,Jose Altuve,2B,378.p.8996,-,2,99
2018,378.l.31584,118,1523712655,Dan,The Wizard,Anthony Rizzo,"1B,2B",378.p.8868,-,19,99
2018,378.l.31584,118,1523712655,The Wizard,Dan,Jeurys Familia,RP,378.p.9299,-,161,60
2018,378.l.31584,118,1523712655,The Wizard,Dan,José Abreu,1B,378.p.9540,-,29,79
2018,378.l.31584,118,1523712655,The Wizard,Dan,Jacob deGrom,SP,378.p.9701,-,30,96
2018,378.l.31584,67,1522524231,The Wizard,Kevo,Mike Trout,OF,378.p.8861,-,1,99
2018,378.l.31584,67,1522524231,The Wizard,Kevo,Josh Donaldson,3B,378.p.8723,-,31,82
2018,378.l.31584,67,1522524231,The Wizard,Kevo,Eloy Jiménez,OF,378.p.10439,-,1988,16
2018,378.l.31584,67,1522524231,The Wizard,Kevo,Joakim Soria,RP,378.p.7964,-,357,21
2018,378.l.31584,67,1522524231,Kevo,The Wizard,Nolan Arenado,3B,378.p.9105,-,3,99
2018,378.l.31584,67,1522524231,Kevo,The Wizard,Justin Upton,OF,378.p.8080,-,43,94
2018,378.l.31584,67,1522524231,Kevo,The Wizard,Chris Taylor,"2B,SS,OF",378.p.9771,-,141,66
2018,378.l.31584,67,1522524231,Kevo,The Wizard,Dallas Keuchel,SP,378.p.9217,-,66,92
2018,378.l.31584,53,1522345380,The Wizard,Weazy,Carlos Martínez,"SP,RP",378.p.9376,-,47,86
2018,378.l.31584,53,1522345380,Weazy,The Wizard,Kenley Jansen,RP,378.p.8758,-,55,96
2019,388.l.22108,607,1564656435,Dan,The Wizard,Bryce Harper,OF,388.p.8875,-,12,99
2019,388.l.22108,607,1564656435,The Wizard,Dan,Zack Wheeler,SP,388.p.9124,-,72,88
2019,388.l.22108,607,1564656435,The Wizard,Dan,Lucas Giolito,SP,388.p.9640,-,317,48
2019,388.l.22108,590,1564442806,Nikolai Khabibulin,Brett,Nelson Cruz,Util,388.p.7681,-,69,92
2019,388.l.22108,590,1564442806,Brett,Nikolai Khabibulin,Trevor Bauer,SP,388.p.9122,-,44,94
2019,388.l.22108,559,1563918822,Joshua,NOBS,Trea Turner,SS,388.p.10056,-,6,99
2019,388.l.22108,559,1563918822,NOBS,Joshua,Sonny Gray,"SP,RP",388.p.9459,-,293,66
2019,388.l.22108,559,1563918822,NOBS,Joshua,Yu Darvish,SP,388.p.9095,-,121,77
2019,388.l.22108,547,1563631857,NOBS,Dan,Austin Riley,"3B,OF",388.p.10420,-,1557,14
2019,388.l.22108,547,1563631857,NOBS,Dan,Greg Holland,RP,388.p.8773,-,471,10
2019,388.l.22108,547,1563631857,Dan,NOBS,Matt Olson,1B,388.p.9605,-,208,81
2019,388.l.22108,469,1561758228,Paulie,The Wizard,Shane Bieber,SP,388.p.10867,-,125,85
2019,388.l.22108,469,1561758228,The Wizard,Paulie,David Dahl,OF,388.p.9565,-,84,59
2019,388.l.22108,447,1561301552,The Wizard,Paulie,José Alvarado,RP,388.p.10692,-,180,22
2019,388.l.22108,447,1561301552,The Wizard,Paulie,Zach Plesac,SP,388.p.11590,-,407,35
2019,388.l.22108,447,1561301552,Paulie,The Wizard,Corey Kluber,SP,388.p.9048,-,25,67
2019,388.l.22108,325,1559217227,NOBS,Nikolai Khabibulin,Franmil Reyes,OF,388.p.11016,-,203,56
2019,388.l.22108,325,1559217227,Nikolai Khabibulin,NOBS,Yu Darvish,SP,388.p.9095,-,121,77
2019,388.l.22108,303,1558816268,Dan,Paulie,Dansby Swanson,SS,388.p.10234,-,386,36
2019,388.l.22108,303,1558816268,Paulie,Dan,Cavan Biggio,"2B,OF",388.p.11086,-,1160,66
2019,388.l.22108,292,1558714463,The Wizard,Paulie,Tommy La Stella,"2B,3B",388.p.9545,-,1253,17
2019,388.l.22108,292,1558714463,The Wizard,Paulie,Shawn Kelley,RP,388.p.8439,-,429,11
2019,388.l.22108,292,1558714463,The Wizard,Paulie,Frankie Montas,SP,388.p.10027,-,333,14
2019,388.l.22108,292,1558714463,Paulie,The Wizard,Andrew McCutchen,OF,388.p.7977,-,93,24
2019,388.l.22108,292,1558714463,Paulie,The Wizard,Shohei Ohtani (Batter),Util,388.p.1000001,-,352,33
2019,388.l.22108,292,1558714463,Paulie,The Wizard,Jameson Taillon,SP,388.p.9123,-,53,38
2019,388.l.22108,275,1558466872,Joshua,The Wizard,Max Scherzer,SP,388.p.8193,-,5,97
2019,388.l.22108,275,1558466872,Joshua,The Wizard,Kenley Jansen,RP,388.p.8758,-,83,97
2019,388.l.22108,275,1558466872,The Wizard,Joshua,Trea Turner,SS,388.p.10056,-,6,99
2019,388.l.22108,275,1558466872,The Wizard,Joshua,Juan Soto,OF,388.p.10626,-,27,98
2019,388.l.22108,254,1558004380,NOBS,The Wizard,Tommy Pham,OF,388.p.9842,-,58,94
2019,388.l.22108,254,1558004380,The Wizard,NOBS,Wade Davis,RP,388.p.8174,-,122,49
2019,388.l.22108,189,1556825216,NOBS,Paulie,Masahiro Tanaka,SP,388.p.9642,-,90,89
2019,388.l.22108,189,1556825216,NOBS,Paulie,Héctor Neris,RP,388.p.9779,-,321,75
2019,388.l.22108,189,1556825216,Paulie,NOBS,Michael Chavis,"1B,2B,3B",388.p.10433,-,1434,19
2019,388.l.22108,161,1556386153,The Wizard,Paulie,Chris Paddack,SP,388.p.10575,-,190,56
2019,388.l.22108,161,1556386153,Paulie,The Wizard,Carlos Correa,SS,388.p.9573,-,35,87
2019,388.l.22108,9,1553575750,The Wizard,Paulie,Andrew McCutchen,OF,388.p.7977,-,93,24
2019,388.l.22108,9,1553575750,The Wizard,Paulie,Shane Bieber,SP,388.p.10867,-,125,85
2019,388.l.22108,9,1553575750,Paulie,The Wizard,Clayton Kershaw,SP,388.p.8180,-,99,91
2021,404.l.120405,775,1627494736,NOBS,Theodore,Hunter Renfroe,OF,404.p.9889,-,353,67
2021,404.l.120405,775,1627494736,NOBS,Theodore,Nick Pivetta,"SP,RP",404.p.10683,-,558,39
2021,404.l.120405,775,1627494736,Theodore,NOBS,Giancarlo Stanton,OF,404.p.8634,-,81,95
2021,404.l.120405,737,1626871371,The Wizard,M Z,Austin Meadows,OF,404.p.9612,-,64,90
2021,404.l.120405,737,1626871371,The Wizard,M Z,Kyle Schwarber,"1B,OF",404.p.9861,-,165,81
2021,404.l.120405,737,1626871371,The Wizard,M Z,Carlos Rodón,SP,404.p.9823,-,330,76
2021,404.l.120405,737,1626871371,The Wizard,M Z,Shane Bieber,SP,404.p.10867,-,10,88
2021,404.l.120405,737,1626871371,M Z,The Wizard,José Ramírez,3B,404.p.9507,-,12,99
2021,404.l.120405,737,1626871371,M Z,The Wizard,Starling Marte,OF,404.p.9118,-,33,97
2021,404.l.120405,737,1626871371,M Z,The Wizard,Aaron Nola,SP,404.p.9882,-,20,90
2021,404.l.120405,737,1626871371,M Z,The Wizard,José Berríos,SP,404.p.9872,-,75,92
2021,404.l.120405,721,1626703596,NOBS,M Z,Adolis García,OF,404.p.11127,-,362,75
2021,404.l.120405,721,1626703596,NOBS,M Z,Robbie Ray,SP,404.p.9691,-,328,85
2021,404.l.120405,721,1626703596,NOBS,M Z,Mitch Haniger,OF,404.p.10369,-,211,90
2021,404.l.120405,721,1626703596,M Z,NOBS,Trea Turner,"2B,SS",404.p.10056,-,8,99
2021,404.l.120405,648,1624963784,Joshua,Paulie,Gerrit Cole,SP,404.p.9121,-,6,95
2021,404.l.120405,648,1624963784,Paulie,Joshua,Freddie Freeman,1B,404.p.8658,-,15,99
2021,404.l.120405,592,1624042607,The Wizard,Paulie,Christian Yelich,OF,404.p.9320,-,9,92
2021,404.l.120405,592,1624042607,The Wizard,Paulie,Pete Alonso,1B,404.p.10918,-,46,97
2021,404.l.120405,592,1624042607,Paulie,The Wizard,Bryce Harper,OF,404.p.8875,-,17,99
2021,404.l.120405,592,1624042607,Paulie,The Wizard,Nelson Cruz,Util,404.p.7681,-,66,93
2021,404.l.120405,239,1619281175,Joshua,Dan,Aroldis Chapman,RP,404.p.8616,-,73,96
2021,404.l.120405,239,1619281175,Joshua,Dan,Matt Chapman,3B,404.p.10205,-,79,76
2021,404.l.120405,239,1619281175,Dan,Joshua,Kris Bryant,"1B,3B,OF",404.p.9558,-,92,96
2022,412.l.72928,888,1659874572,The Wizard,Douglas,Manny Machado,3B,412.p.9111,-,19,99
2022,412.l.72928,888,1659874572,Douglas,The Wizard,Jose Miranda,"1B,3B",412.p.11496,-,488,52
2022,412.l.72928,878,1659707750,The Wizard,Douglas,Jose Miranda,"1B,3B",412.p.11496,-,488,52
2022,412.l.72928,878,1659707750,The Wizard,Douglas,Taylor Ward,OF,412.p.10496,-,46,75
2022,412.l.72928,878,1659707750,The Wizard,Douglas,Justin Verlander,SP,412.p.7590,-,51,96
2022,412.l.72928,878,1659707750,The Wizard,Douglas,Chris Sale,SP,412.p.8780,-,120,34
2022,412.l.72928,878,1659707750,Douglas,The Wizard,Manny Machado,3B,412.p.9111,-,19,99
2022,412.l.72928,878,1659707750,Douglas,The Wizard,Eloy Jiménez,OF,412.p.10439,-,129,92
2022,412.l.72928,878,1659707750,Douglas,The Wizard,Jordan Romano,RP,412.p.11253,-,98,96
2022,412.l.72928,878,1659707750,Douglas,The Wizard,Shohei Ohtani (Pitcher),SP,412.p.1000002,-,6,97
2022,412.l.72928,777,1657722703,NOBS,Joshua,Shohei Ohtani (Batter),Util,412.p.1000001,-,288,99
2022,412.l.72928,777,1657722703,Joshua,NOBS,Robbie Ray,SP,412.p.9691,-,52,92
2022,412.l.72928,744,1657126318,The Wizard,Douglas,Eloy Jiménez,OF,412.p.10439,-,129,92
2022,412.l.72928,744,1657126318,The Wizard,Douglas,Tyler Wells,"SP,RP",412.p.12114,-,456,10
2022,412.l.72928,744,1657126318,Douglas,The Wizard,Daulton Varsho,"C,OF",412.p.10843,-,149,95
2022,412.l.72928,703,1656518408,The Wizard,Paulie,Riley Greene,OF,412.p.11760,-,1695,31
2022,412.l.72928,703,1656518408,The Wizard,Paulie,Corey Kluber,SP,412.p.9048,-,264,51
2022,412.l.72928,703,1656518408,Paulie,The Wizard,Clayton Kershaw,SP,412.p.8180,-,78,96
2022,412.l.72928,591,1654882361,Douglas,Paulie,Alex Faedo,"SP,RP",412.p.10880,-,1807,1
2022,412.l.72928,591,1654882361,Paulie,Douglas,Vinnie Pasquantino,1B,412.p.12449,-,1734,34
2022,412.l.72928,503,1653751866,The Wizard,Dan,Trea Turner,"2B,SS",412.p.10056,-,2,99
2022,412.l.72928,503,1653751866,The Wizard,Dan,Rowdy Tellez,1B,412.p.10620,-,263,60
2022,412.l.72928,503,1653751866,Dan,The Wizard,Mookie Betts,"2B,OF",412.p.9552,-,3,99
2022,412.l.72928,502,1653747009,Douglas,The Wizard,Trea Turner,"2B,SS",412.p.10056,-,2,99
2022,412.l.72928,502,1653747009,The Wizard,Douglas,Trevor Story,"2B,SS",412.p.9571,-,36,82
2022,412.l.72928,502,1653747009,The Wizard,Douglas,Jordan Romano,RP,412.p.11253,-,98,96
2022,412.l.72928,442,1652978968,NOBS,The Wizard,Eloy Jiménez,OF,412.p.10439,-,129,92
2022,412.l.72928,442,1652978968,NOBS,The Wizard,Kyle Wright,SP,412.p.10847,-,76,87
2022,412.l.72928,442,1652978968,The Wizard,NOBS,Austin Riley,"1B,3B",412.p.10420,-,40,99
2022,412.l.72928,432,1652894326,NOBS,Douglas,Daulton Varsho,"C,OF",412.p.10843,-,149,95
2022,412.l.72928,432,1652894326,NOBS,Douglas,MJ Melendez,"C,OF",412.p.10891,-,1263,64
2022,412.l.72928,432,1652894326,Douglas,NOBS,Shane Bieber,SP,412.p.10867,-,23,96
2023,422.l.55401,935,1690813288,The Wizard,Dan,Nolan Jones,"1B,OF",422.p.10463,-,318,75
2023,422.l.55401,935,1690813288,The Wizard,Dan,Edouard Julien,2B,422.p.12729,-,1536,21
2023,422.l.55401,935,1690813288,Dan,The Wizard,Bo Bichette,SS,422.p.10766,-,12,98
2023,422.l.55401,935,1690813288,Dan,The Wizard,Kyle Finnegan,RP,422.p.11709,-,308,63
2023,422.l.55401,906,1690394479,NOBS,Dan,Jordan Westburg,"2B,3B,SS",422.p.12122,-,2008,16
2023,422.l.55401,906,1690394479,NOBS,Dan,Elly De La Cruz,"3B,SS",422.p.12393,-,437,87
2023,422.l.55401,906,1690394479,NOBS,Dan,Oneil Cruz,SS,422.p.11370,-,2030,55
2023,422.l.55401,906,1690394479,Dan,NOBS,Gerrit Cole,SP,422.p.9121,-,14,96
2023,422.l.55401,906,1690394479,Dan,NOBS,Félix Bautista,RP,422.p.12346,-,69,88
2023,422.l.55401,903,1690391355,Dan,Douglas,Adbert Alzolay,RP,422.p.10858,-,303,57
2023,422.l.55401,903,1690391355,Dan,Douglas,Kyle Bradish,SP,422.p.12345,-,285,86
2023,422.l.55401,903,1690391355,Douglas,Dan,Vinnie Pasquantino,1B,422.p.12449,-,1931,30
2023,422.l.55401,897,1690320766,Theodore,Nikolai Khabibulin,Will Smith,C,422.p.10642,-,102,97
2023,422.l.55401,897,1690320766,Theodore,Nikolai Khabibulin,Domingo Germán,SP,422.p.10069,-,145,9
2023,422.l.55401,897,1690320766,Theodore,Nikolai Khabibulin,Emmanuel Clase,RP,422.p.11625,-,38,97
2023,422.l.55401,897,1690320766,Theodore,Nikolai Khabibulin,Ryan Helsley,RP,422.p.10946,-,104,81
2023,422.l.55401,897,1690320766,Nikolai Khabibulin,Theodore,Henry Davis,"C,OF",422.p.12514,-,2043,16
2023,422.l.55401,897,1690320766,Nikolai Khabibulin,Theodore,Ketel Marte,2B,422.p.10036,-,73,90
2023,422.l.55401,897,1690320766,Nikolai Khabibulin,Theodore,Masataka Yoshida,OF,422.p.12763,-,91,80
2023,422.l.55401,897,1690320766,Nikolai Khabibulin,Theodore,Tyler Soderstrom,"C,1B",422.p.12005,-,3140,2
2023,422.l.55401,896,1690315208,Douglas,Dan,Spencer Steer,"1B,2B,3B,OF",422.p.12688,-,304,86
2023,422.l.55401,896,1690315208,Dan,Douglas,Christian Yelich,OF,422.p.9320,-,89,93
2023,422.l.55401,856,1689610302,Douglas,NOBS,Yordan Alvarez,OF,422.p.10883,-,17,99
2023,422.l.55401,856,1689610302,NOBS,Douglas,Nathan Eovaldi,SP,422.p.9007,-,68,82
2023,422.l.55401,856,1689610302,NOBS,Douglas,Jonah Heim,C,422.p.11662,-,258,74
2023,422.l.55401,618,1685734901,Nikolai Khabibulin,M Z,Charlie Blackmon,OF,422.p.8957,-,209,34
2023,422.l.55401,618,1685734901,M Z,Nikolai Khabibulin,Craig Kimbrel,RP,422.p.8622,-,266,81
2023,422.l.55401,585,1685353641,Paulie,NOBS,Freddie Freeman,1B,422.p.8658,-,8,99
2023,422.l.55401,585,1685353641,Paulie,NOBS,Justin Verlander,SP,422.p.7590,-,54,97
2023,422.l.55401,585,1685353641,NOBS,Paulie,Mike Trout,OF,422.p.8861,-,15,86
2023,422.l.55401,585,1685353641,NOBS,Paulie,George Kirby,SP,422.p.11826,-,96,94
2023,422.l.55401,563,1685027660,The Wizard,Dan,Christopher Morel,"2B,3B,SS,OF",422.p.11743,-,325,60
2023,422.l.55401,563,1685027660,The Wizard,Dan,Louis Varland,"SP,RP",422.p.12695,-,537,2
2023,422.l.55401,563,1685027660,The Wizard,Dan,Logan Allen,SP,422.p.60139,-,587,28
2023,422.l.55401,563,1685027660,Dan,The Wizard,Vladimir Guerrero Jr.,1B,422.p.10621,-,6,99
2023,422.l.55401,483,1683848912,Douglas,Dan,Jorge Soler,OF,422.p.9228,-,256,78
2023,422.l.55401,483,1683848912,Dan,Douglas,Kenley Jansen,RP,422.p.8758,-,130,84
2023,422.l.55401,479,1683753418,The Wizard,M Z,Jack Suwinski,OF,422.p.12342,-,358,29
2023,422.l.55401,479,1683753418,The Wizard,M Z,Jordan Montgomery,SP,422.p.10660,-,129,82
2023,422.l.55401,479,1683753418,M Z,The Wizard,Brandon Woodruff,SP,422.p.10730,-,152,94
2023,422.l.55401,477,1683720927,Paulie,NOBS,Hunter Brown,"SP,RP",422.p.12141,-,66,72
2023,422.l.55401,477,1683720927,Paulie,NOBS,Nolan Gorman,"2B,3B",422.p.11391,-,254,49
2023,422.l.55401,477,1683720927,Paulie,NOBS,Brent Rooker,OF,422.p.10917,-,408,24
2023,422.l.55401,477,1683720927,NOBS,Paulie,Zach Jackson,RP,422.p.12595,-,507,-
2023,422.l.55401,477,1683720927,NOBS,Paulie,Kyle Tucker,OF,422.p.10480,-,9,99
2023,422.l.55401,477,1683720927,NOBS,Paulie,Lucas Giolito,SP,422.p.9640,-,132,71
2023,422.l.55401,455,1683496485,Douglas,The Wizard,Freddy Peralta,SP,422.p.11014,-,115,91
2023,422.l.55401,455,1683496485,The Wizard,Douglas,Blake Snell,SP,422.p.10148,-,118,95
2023,422.l.55401,455,1683496485,The Wizard,Douglas,Bailey Ober,SP,422.p.12096,-,295,60
2023,422.l.55401,384,1682598501,Douglas,Paulie,Justin Verlander,SP,422.p.7590,-,54,97
2023,422.l.55401,384,1682598501,Douglas,Paulie,Brent Rooker,OF,422.p.10917,-,408,24
2023,422.l.55401,384,1682598501,Paulie,Douglas,Byron Buxton,OF,422.p.9590,-,98,65
2023,422.l.55401,361,1682425923,The Wizard,Douglas,Brent Rooker,OF,422.p.10917,-,408,24
2023,422.l.55401,361,1682425923,The Wizard,Douglas,Tyler Wells,"SP,RP",422.p.12114,-,302,18
2023,422.l.55401,361,1682425923,Douglas,The Wizard,Liam Hendriks,RP,422.p.9057,-,60,17
2023,422.l.55401,288,1681546977,The Wizard,Paulie,Tyler O'Neill,OF,422.p.10215,-,156,39
2023,422.l.55401,288,1681546977,Paulie,The Wizard,Kris Bryant,"1B,OF",422.p.9558,-,107,50
2023,422.l.55401,284,1681543466,DiZzY,Dan,Noah Syndergaard,SP,422.p.9597,-,2005,8
2023,422.l.55401,284,1681543466,Dan,DiZzY,Ha-Seong Kim,"2B,3B,SS",422.p.12116,-,288,75
2023,422.l.55401,195,1680634656,The Wizard,Douglas,Freddy Peralta,SP,422.p.11014,-,115,91
2023,422.l.55401,195,1680634656,The Wizard,Douglas,Joe Ryan,SP,422.p.11847,-,63,88
2023,422.l.55401,195,1680634656,Douglas,The Wizard,Aaron Nola,SP,422.p.9882,-,30,93
2023,422.l.55401,4,1679937817,Douglas,DiZzY,Willson Contreras,C,422.p.10166,-,155,70
2023,422.l.55401,4,1679937817,DiZzY,Douglas,Anthony Santander,"1B,OF",422.p.10666,-,138,91
2024,431.l.47097,965,1723127203,Dan,Douglas,J.D. Martinez,OF,431.p.9002,-,151,56
2024,431.l.47097,965,1723127203,Douglas,Dan,Christian Yelich,OF,431.p.9320,-,62,55
2024,431.l.47097,949,1722894877,Douglas,The Wizard,Kyle Tucker,OF,431.p.10480,-,23,97
2024,431.l.47097,949,1722894877,The Wizard,Douglas,Pablo López,SP,431.p.11057,-,29,94
2024,431.l.47097,934,1722695555,DiZzY,Douglas,Jackson Holliday,"2B,SS",431.p.60090,-,356,49
2024,431.l.47097,934,1722695555,Douglas,DiZzY,José Buttó,"SP,RP",431.p.12337,-,414,12
2024,431.l.47097,934,1722695555,Douglas,DiZzY,Yu Darvish,SP,431.p.9095,-,124,76
2024,431.l.47097,930,1722624281,Theodore,Dan,Colt Keith,"2B,3B",431.p.12430,-,351,29
2024,431.l.47097,930,1722624281,Dan,Theodore,Matt Waldron,SP,431.p.61395,-,277,9
2024,431.l.47097,923,1722542796,Dan,Douglas,Jonathan India,2B,431.p.11292,-,131,67
2024,431.l.47097,923,1722542796,Douglas,Dan,J.D. Martinez,OF,431.p.9002,-,151,56
2024,431.l.47097,916,1722431712,The Wizard,Dan,Matt Wallner,OF,431.p.11795,-,1175,14
2024,431.l.47097,916,1722431712,The Wizard,Dan,Tarik Skubal,SP,431.p.11763,-,28,97
2024,431.l.47097,916,1722431712,The Wizard,Dan,Jackson Jobe,SP,431.p.12422,-,683,11
2024,431.l.47097,916,1722431712,Dan,The Wizard,Yordan Alvarez,OF,431.p.10883,-,9,92
2024,431.l.47097,916,1722431712,Dan,The Wizard,Willy Adames,SS,431.p.9893,-,137,93
2024,431.l.47097,916,1722431712,Dan,The Wizard,Blake Snell,SP,431.p.10148,-,113,94
2024,431.l.47097,754,1719335713,The Wizard,Dan,Ronald Acuña Jr.,OF,431.p.10646,-,410,41
2024,431.l.47097,754,1719335713,Dan,The Wizard,Kenley Jansen,RP,431.p.8758,-,117,73
2024,431.l.47097,625,1717443446,Dan,Douglas,George Kirby,SP,431.p.11826,-,33,93
2024,431.l.47097,625,1717443446,Douglas,Dan,Ryan Mountcastle,1B,431.p.10429,-,191,58
2024,431.l.47097,587,1716816560,The Wizard,Paulie,Andrew Abbott,SP,431.p.12395,-,275,36
2024,431.l.47097,587,1716816560,The Wizard,Paulie,Bryan Woo,SP,431.p.60584,-,253,82
2024,431.l.47097,587,1716816560,The Wizard,Paulie,Kodai Senga,SP,431.p.12776,-,363,27
2024,431.l.47097,587,1716816560,Paulie,The Wizard,Brenton Doyle,OF,431.p.12136,-,130,73
2024,431.l.47097,587,1716816560,Paulie,The Wizard,Pablo López,SP,431.p.11057,-,29,94
2024,431.l.47097,573,1716584377,NOBS,Douglas,Corbin Carroll,OF,431.p.11722,-,48,98
2024,431.l.47097,573,1716584377,Douglas,NOBS,Emmanuel Clase,RP,431.p.11625,-,42,98
2024,431.l.47097,542,1715974445,Douglas,The Wizard,Michael Harris II,OF,431.p.12056,-,106,94
2024,431.l.47097,542,1715974445,The Wizard,Douglas,Yu Darvish,SP,431.p.9095,-,124,76
2024,431.l.47097,441,1714736237,NOBS,Paulie,Corey Seager,SS,431.p.9584,-,19,78
2024,431.l.47097,441,1714736237,Paulie,NOBS,Mike Trout,OF,431.p.8861,-,175,44
2024,431.l.47097,415,1714495759,The Wizard,Paulie,Brice Turang,"2B,SS",431.p.11343,-,180,78
2024,431.l.47097,415,1714495759,The Wizard,Paulie,Michael Kopech,"SP,RP",431.p.10412,-,234,60
2024,431.l.47097,415,1714495759,Paulie,The Wizard,Andy Pages,OF,431.p.12148,-,265,6
2024,431.l.47097,322,1713427949,M Z,NOBS,Ryan McMahon,"2B,3B",431.p.10175,-,193,63
2024,431.l.47097,322,1713427949,NOBS,M Z,Kyle Harrison,SP,431.p.12175,-,240,34
2024,431.l.47097,224,1712231212,The Wizard,Douglas,Andrés Giménez,2B,431.p.10919,-,79,78
2024,431.l.47097,224,1712231212,Douglas,The Wizard,Yu Darvish,SP,431.p.9095,-,124,76
2024,431.l.47097,147,1711560160,The Wizard,Paulie,Christopher Morel,"2B,3B,OF",431.p.11743,-,115,48
2024,431.l.47097,147,1711560160,Paulie,The Wizard,Max Muncy,3B,431.p.9606,-,192,77
2024,431.l.47097,2,1711403608,Douglas,The Wizard,Yoshinobu Yamamoto,SP,431.p.63423,-,122,94
2024,431.l.47097,2,1711403608,The Wizard,Douglas,Adbert Alzolay,RP,431.p.10858,-,543,15
2024,431.l.47097,2,1711403608,The Wizard,Douglas,Yu Darvish,SP,431.p.9095,-,124,76
2024,431.l.47097,2,1711403608,The Wizard,Douglas,Cristian Javier,SP,431.p.11315,-,654,24
2025,458.l.66409,1002,1754485808,The Wizard,Kevo,Andy Pages,OF,458.p.12148,-,133,75
2025,458.l.66409,1002,1754485808,The Wizard,Kevo,Shohei Ohtani (Pitcher),SP,458.p.1000002,-,299,81
2025,458.l.66409,1002,1754485808,The Wizard,Kevo,Jacob Misiorowski,"SP,RP",458.p.60254,-,190,63
2025,458.l.66409,1002,1754485808,Kevo,The Wizard,Max Fried,SP,458.p.9620,-,44,94
2025,458.l.66409,1002,1754485808,Kevo,The Wizard,Josh Hader,RP,458.p.10131,-,45,78
2025,458.l.66409,1002,1754485808,Kevo,The Wizard,Robert Suarez,RP,458.p.12354,-,59,94
2025,458.l.66409,998,1754467281,Kevo,NOBS,Jo Adell,OF,458.p.10893,-,289,60
2025,458.l.66409,998,1754467281,NOBS,Kevo,Spencer Jones,OF,458.p.60294,-,1936,8
2025,458.l.66409,995,1754433723,Kevo,Douglas,Salvador Perez,"C,1B",458.p.9015,-,112,96
2025,458.l.66409,995,1754433723,Douglas,Kevo,Jasson Domínguez,OF,458.p.11805,-,152,37
2025,458.l.66409,995,1754433723,Douglas,Kevo,Carson Whisenhunt,SP,458.p.60381,-,1154,2
2025,458.l.66409,959,1754036020,Douglas,NOBS,Kenley Jansen,RP,458.p.8758,-,195,80
2025,458.l.66409,959,1754036020,NOBS,Douglas,Austin Riley,3B,458.p.10420,-,39,58
2025,458.l.66409,917,1753372968,Dan,Joshua,Eric Lauer,"SP,RP",458.p.10576,-,416,20
2025,458.l.66409,917,1753372968,Joshua,Dan,Will Vest,RP,458.p.12110,-,175,52
2025,458.l.66409,883,1752946040,The Wizard,Paulie,Marcus Semien,2B,458.p.9517,-,169,56
2025,458.l.66409,883,1752946040,Paulie,The Wizard,Shohei Ohtani (Pitcher),SP,458.p.1000002,-,299,81
2025,458.l.66409,827,1751734104,The Wizard,Douglas,George Kirby,SP,458.p.11826,-,62,90
2025,458.l.66409,827,1751734104,Douglas,The Wizard,Wyatt Langford,OF,458.p.62973,-,41,83
2025,458.l.66409,665,1749071522,NOBS,Douglas,Tylor Megill,SP,458.p.12215,-,262,21
2025,458.l.66409,665,1749071522,Douglas,NOBS,Jake Burger,"1B,3B",458.p.10877,-,224,32
2025,458.l.66409,613,1748359608,NOBS,Douglas,Shane Bieber,SP,458.p.10867,-,393,73
2025,458.l.66409,613,1748359608,Douglas,NOBS,Jordan Westburg,"2B,3B",458.p.12122,-,128,73
2025,458.l.66409,561,1747680665,The Wizard,Douglas,Ozzie Albies,2B,458.p.10237,-,84,82
2025,458.l.66409,561,1747680665,The Wizard,Douglas,Brenton Doyle,OF,458.p.12136,-,131,56
2025,458.l.66409,561,1747680665,Douglas,The Wizard,Dylan Crews,OF,458.p.62971,-,237,42
2025,458.l.66409,547,1747438583,NOBS,Douglas,Kris Bubic,"SP,RP",458.p.11319,-,90,23
2025,458.l.66409,547,1747438583,Douglas,NOBS,Hyeseong Kim,"2B,SS,OF",458.p.64858,-,260,5
2025,458.l.66409,472,1746484401,The Wizard,Douglas,Mark Vientos,3B,458.p.10922,-,280,66
2025,458.l.66409,472,1746484401,The Wizard,Douglas,Kenley Jansen,RP,458.p.8758,-,195,80
2025,458.l.66409,472,1746484401,Douglas,The Wizard,Ozzie Albies,2B,458.p.10237,-,84,82
2025,458.l.66409,452,1746192641,Douglas,The Wizard,Chris Sale,SP,458.p.8780,-,151,96
2025,458.l.66409,452,1746192641,The Wizard,Douglas,Cody Bellinger,"1B,OF",458.p.10504,-,79,98
2025,458.l.66409,452,1746192641,The Wizard,Douglas,Kerry Carpenter,OF,458.p.12667,-,99,56
2025,458.l.66409,440,1745966308,The Wizard,Joshua,Bryce Harper,1B,458.p.8875,-,55,99
2025,458.l.66409,440,1745966308,The Wizard,Joshua,Jonathan Aranda,"1B,2B",458.p.12309,-,213,44
2025,458.l.66409,440,1745966308,Joshua,The Wizard,Kyle Schwarber,OF,458.p.9861,-,20,99
2025,458.l.66409,440,1745966308,Joshua,The Wizard,Logan Gilbert,SP,458.p.11381,-,48,97
2025,458.l.66409,349,1744531955,Douglas,The Wizard,Kerry Carpenter,OF,458.p.12667,-,99,56
2025,458.l.66409,349,1744531955,The Wizard,Douglas,Casey Mize,SP,458.p.11083,-,229,61
2025,458.l.66409,336,1744339078,The Wizard,Joshua,Seiya Suzuki,OF,458.p.12588,-,53,90
2025,458.l.66409,336,1744339078,The Wizard,Joshua,Trent Grisham,OF,458.p.10522,-,205,55
2025,458.l.66409,336,1744339078,The Wizard,Joshua,Hayden Wesneski,"SP,RP",458.p.12497,-,291,2
2025,458.l.66409,336,1744339078,Joshua,The Wizard,Cody Bellinger,"1B,OF",458.p.10504,-,79,98
2025,458.l.66409,336,1744339078,Joshua,The Wizard,Corbin Burnes,SP,458.p.10910,-,419,37
2025,458.l.66409,251,1743408412,Paulie,The Wizard,Raisel Iglesias,RP,458.p.9902,-,214,93
2025,458.l.66409,251,1743408412,The Wizard,Paulie,Justin Verlander,SP,458.p.7590,-,359,52
2025,458.l.66409,251,1743408412,The Wizard,Paulie,Jackson Jobe,"SP,RP",458.p.12422,-,1113,10
2025,458.l.66409,225,1743169978,Douglas,The Wizard,Seiya Suzuki,OF,458.p.12588,-,53,90
2025,458.l.66409,225,1743169978,Douglas,The Wizard,Bryan Woo,SP,458.p.60584,-,66,86
2025,458.l.66409,225,1743169978,The Wizard,Douglas,Willy Adames,SS,458.p.9893,-,147,90
2025,458.l.66409,225,1743169978,The Wizard,Douglas,Dylan Crews,OF,458.p.62971,-,237,42
2025,458.l.66409,170,1742525041,Douglas,The Wizard,Walker Buehler,SP,458.p.10509,-,1476,19
2025,458.l.66409,170,1742525041,The Wizard,Douglas,Gavin Williams,SP,458.p.12401,-,261,72
2025,458.l.66409,167,1742519399,Douglas,The Wizard,Blake Snell,SP,458.p.10148,-,181,91
2025,458.l.66409,167,1742519399,The Wizard,Douglas,Walker Buehler,SP,458.p.10509,-,1476,19
2025,458.l.66409,167,1742519399,The Wizard,Douglas,Bryan Woo,SP,458.p.60584,-,66,86
2025,458.l.66409,167,1742519399,The Wizard,Douglas,Reese Olson,SP,458.p.12429,-,256,12
2025,458.l.66409,116,1742350153,The Wizard,Douglas,Jordan Westburg,"2B,3B",458.p.12122,-,128,73
2025,458.l.66409,116,1742350153,The Wizard,Douglas,Ozzie Albies,2B,458.p.10237,-,84,82
2025,458.l.66409,116,1742350153,Douglas,The Wizard,Manny Machado,3B,458.p.9111,-,24,99
2026,469.l.23321,535,1779124700,The Wizard,NOBS,Ivan Herrera,C,469.p.11836,59,214,91
2026,469.l.23321,535,1779124700,NOBS,The Wizard,Braxton Ashcraft,"SP,RP",469.p.11372,66,210,81
2026,469.l.23321,528,1779034756,The Wizard,Paulie,A.J. Ewing,"2B,OF",469.p.63129,924,192,32
2026,469.l.23321,528,1779034756,The Wizard,Paulie,Ryan Waldschmidt,OF,469.p.64479,882,1623,30
2026,469.l.23321,528,1779034756,Paulie,The Wizard,Freddie Freeman,1B,469.p.8658,89,37,98
2026,469.l.23321,528,1779034756,Paulie,The Wizard,Kenley Jansen,RP,469.p.8758,179,160,78
2026,469.l.23321,519,1778954098,The Wizard,Paulie,Chase DeLauter,OF,469.p.60138,124,212,72
2026,469.l.23321,519,1778954098,The Wizard,Paulie,Wyatt Langford,OF,469.p.62973,919,99,87
2026,469.l.23321,519,1778954098,Paulie,The Wizard,Jose Altuve,"2B,OF",469.p.8996,674,225,84
2026,469.l.23321,518,1778952916,Paulie,The Wizard,Ronald Acuña Jr.,OF,469.p.10646,417,19,99
2026,469.l.23321,518,1778952916,The Wizard,Paulie,Max Fried,SP,469.p.9620,119,103,99
2026,469.l.23321,518,1778952916,The Wizard,Paulie,Blake Snell,SP,469.p.10148,534,200,79
2026,469.l.23321,468,1778155894,The Wizard,Paulie,Kenley Jansen,RP,469.p.8758,179,160,78
2026,469.l.23321,468,1778155894,The Wizard,Paulie,Landen Roupp,SP,469.p.60650,102,295,73
2026,469.l.23321,468,1778155894,Paulie,The Wizard,Logan Webb,SP,469.p.11235,665,114,96
2026,469.l.23321,460,1778082980,Douglas,The Wizard,Nico Hoerner,2B,469.p.11284,94,75,97
2026,469.l.23321,460,1778082980,The Wizard,Douglas,Brandon Lowe,2B,469.p.11125,33,168,90
2026,469.l.23321,460,1778082980,The Wizard,Douglas,Payton Tolle,"SP,RP",469.p.64394,84,262,64
2026,469.l.23321,428,1777641841,Douglas,The Wizard,MacKenzie Gore,SP,469.p.10940,337,198,78
2026,469.l.23321,428,1777641841,The Wizard,Douglas,Rafael Devers,1B,469.p.10235,609,101,95
2026,469.l.23321,416,1777469820,The Wizard,Kevo,David Bednar,RP,469.p.11645,208,90,95
2026,469.l.23321,416,1777469820,Kevo,The Wizard,Bryan Woo,SP,469.p.60584,120,27,99
2026,469.l.23321,387,1777210706,NOBS,Douglas,Mitch Keller,SP,469.p.10565,152,224,54
2026,469.l.23321,387,1777210706,Douglas,NOBS,Lucas Erceg,RP,469.p.10659,249,179,52
2026,469.l.23321,330,1776447462,Douglas,The Wizard,Rafael Devers,1B,469.p.10235,609,101,95
2026,469.l.23321,330,1776447462,The Wizard,Douglas,Corey Seager,SS,469.p.9584,709,93,91
2026,469.l.23321,313,1776205679,The Wizard,Theodore,George Springer,OF,469.p.9339,738,116,84
2026,469.l.23321,313,1776205679,The Wizard,Theodore,Clayton Beeter,RP,469.p.12014,252,339,5
2026,469.l.23321,313,1776205679,Theodore,The Wizard,Max Muncy,3B,469.p.9606,132,211,81
2026,469.l.23321,309,1776125121,Douglas,NOBS,Cole Ragans,SP,469.p.10610,489,231,92
2026,469.l.23321,309,1776125121,NOBS,Douglas,Eugenio Suárez,3B,469.p.9724,841,176,87
2026,469.l.23321,262,1775550114,Douglas,The Wizard,Wyatt Langford,OF,469.p.62973,919,99,87
2026,469.l.23321,262,1775550114,The Wizard,Douglas,Mark Vientos,"1B,3B",469.p.10922,762,218,8
2026,469.l.23321,262,1775550114,The Wizard,Douglas,Byron Buxton,OF,469.p.9590,23,48,97
2026,469.l.23321,129,1774399577,Douglas,NOBS,Hunter Greene,SP,469.p.10862,2159,370,62
2026,469.l.23321,129,1774399577,NOBS,Douglas,Daulton Varsho,OF,469.p.10843,253,172,37
2026,469.l.23321,14,1774287072,The Wizard,Paulie,Mike Trout,OF,469.p.8861,15,76,96
2026,469.l.23321,14,1774287072,The Wizard,Paulie,Jordan Westburg,"2B,3B",469.p.12122,1804,1430,11
2026,469.l.23321,14,1774287072,The Wizard,Paulie,Dennis Santana,RP,469.p.10901,615,266,49
2026,469.l.23321,14,1774287072,The Wizard,Paulie,Seranthony Domínguez,RP,469.p.11011,103,166,54
2026,469.l.23321,14,1774287072,The Wizard,Paulie,Parker Messick,SP,469.p.60042,42,86,91
2026,469.l.23321,14,1774287072,Paulie,The Wizard,Byron Buxton,OF,469.p.9590,23,48,97
2026,469.l.23321,14,1774287072,Paulie,The Wizard,Max Fried,SP,469.p.9620,119,103,99
